[
  {
    "id": 1,
    "name": "MacBook Pro",
    "price": 1899,
    "description": "16-inch Retina display with M2 Pro chip and 32GB RAM",
    "image": "https://via.placeholder.com/400",
    "rating": 4.8,
    "inStock": true
  },
  {
    "id": 2,
    "name": "iPhone 15 Pro",
    "price": 999,
    "description": "Latest flagship smartphone with A17 Pro chip and 48MP camera",
    "image": "https://via.placeholder.com/400",
    "rating": 4.7,
    "inStock": true
  },
  {
    "id": 3,
    "name": "Sony WH-1000XM5",
    "price": 349,
    "description": "Premium wireless noise-cancelling headphones with 30-hour battery",
    "image": "https://via.placeholder.com/400",
    "rating": 4.9,
    "inStock": true
  },
  {
    "id": 4,
    "name": "Dell XPS 15",
    "price": 1599,
    "description": "15.6-inch 4K OLED display with 12th Gen Intel Core i7",
    "image": "https://via.placeholder.com/400",
    "rating": 4.6,
    "inStock": false
  },
  {
    "id": 5,
    "name": "iPad Air",
    "price": 599,
    "description": "10.9-inch Liquid Retina display with M1 chip",
    "image": "https://via.placeholder.com/400",
    "rating": 4.5,
    "inStock": true
  },
  {
    "id": 6,
    "name": "Samsung Galaxy S23",
    "price": 799,
    "description": "6.1-inch Dynamic AMOLED with Snapdragon 8 Gen 2",
    "image": "https://via.placeholder.com/400",
    "rating": 4.6,
    "inStock": true
  },
  {
    "id": 7,
    "name": "Bose QuietComfort Ultra",
    "price": 429,
    "description": "Premium noise-cancelling headphones with immersive audio",
    "image": "https://via.placeholder.com/400",
    "rating": 4.7,
    "inStock": true
  },
  {
    "id": 8,
    "name": "LG C3 OLED TV",
    "price": 1799,
    "description": "65-inch 4K OLED Smart TV with WebOS and Dolby Vision",
    "image": "https://via.placeholder.com/400",
    "rating": 4.8,
    "inStock": false
  },
  {
    "id": 9,
    "name": "Apple Watch Series 9",
    "price": 399,
    "description": "Latest smartwatch with health monitoring and always-on display",
    "image": "https://via.placeholder.com/400",
    "rating": 4.5,
    "inStock": true
  }
]